<?xml version="1.0" encoding="utf-8"?>
<generator_frontend xmlns:xsi="http://www.w3.org/2001/XMLSchema-instance" xmlns="http://www.dima.tu-berlin.de/myriad/frontend">
  
  <!-- a set of cloud environments -->
  <cloud_environments>
    <cloud_env id="localhost" dgen="/path/to/dgen/install/dir">
      <master>
        <host name="localhost" />
      </master>
      <slaves>
        <host name="localhost" />
      </slaves>
    </cloud_env>
  </cloud_environments>
  
  <!-- a set of data generator environments -->
  <dgen_configurations>
    <dgen_config id="localhost-x1" cloud="localhost">
      <nodes_per_host>1</nodes_per_host>
      <output_base>/path/to/data</output_base>
    </dgen_config>
    
    <dgen_config id="localhost-x2" cloud="localhost">
      <nodes_per_host>2</nodes_per_host>
      <output_base>/path/to/data</output_base>
    </dgen_config>
    
    <dgen_config id="localhost-x4" cloud="localhost">
      <nodes_per_host>4</nodes_per_host>
      <output_base>/path/to/data</output_base>
    </dgen_config>
  </dgen_configurations>
</generator_frontend>
