<?xml version="1.0" encoding="UTF-8"?>
<generator_prototype xmlns:xsi="http://www.w3.org/2001/XMLSchema-instance" xmlns="http://www.dima.tu-berlin.de/myriad/prototype">

  <!-- configurable parameters -->
  <parameters>
    <parameter key="user.sequence.base_cardinality">1000</parameter>
		<parameter key="user.max_interactions">18000</parameter>
  </parameters>

  <!-- function configuration -->
  <functions>


    <function key='Pr[user.pk]' type='uniform_probability[I64u]'>
      <argument key='x_min' type='I64u' value='1' />
      <argument key='x_max' type='I64u' value='${%user.sequence.cardinality%+1}' />
    </function>

    <function key='Pr[interaction.rating]' type='uniform_probability[I16u]'>
      <argument key='x_min' type='I16u' value='1' />
      <argument key='x_max' type='I16u' value='6' />
    </function>

		<function key='Pr[user.numberOfInteractions]' type='combined_probability[I32u]'>
      <argument key='path' type='String' value='${%ENV.config-dir% + "/distributions/interactions.distribution"}' />
    </function>

    <function key='Pr[interaction.item]' type='combined_probability[I64u]'>
      <argument key='path' type='String' value='${%ENV.config-dir% + "/distributions/items.distribution"}' />
    </function>

  </functions>

  <record_sequences>

    <random_sequence key="user">
      <record_type>
        <field name="pk" type="I64u" />        
			  <field name="num_interactions" type="I32u"/>
      </record_type>
			<!--output_format type='csv'>
        <argument key='quoted' type='Bool' value='false' />
        <argument key='delimiter' type='Char' value='\t' />
        <argument key='field' type='field_ref' ref='user:pk' />
        <argument key='field' type='field_ref' ref='user:num_interactions' />
      </output_format-->
      <setter_chain>
        <setter key='set_pk' type='field_setter'>
          <argument key='field' type='field_ref' ref='user:pk' />
          <argument key='value' type='clustered_value_provider[I64u]'>
            <argument key='probability' type='function_ref' ref='Pr[user.pk]' />
            <argument key='cardinality' type='const_range_provider[I64u]'>
              <argument key='min' type='I64u' value='0' />
              <argument key='max' type='I64u' value='%user.sequence.cardinality%' />
            </argument>
          </argument>
        </setter>
        <setter key='set_num_interactions' type='field_setter'>
          <argument key='field' type='field_ref' ref='user:num_interactions' />
          <argument key='value' type='random_value_provider[I32u]'>
            <argument key='probability' type='function_ref' ref='Pr[user.numberOfInteractions]' />
          </argument>
        </setter>
      </setter_chain>
      <cardinality_estimator type="linear_scale_estimator">
        <argument key="base_cardinality" type="I64u" value="%user.sequence.base_cardinality%" />
      </cardinality_estimator>
      <!--sequence_iterator type="partitioned_iterator" /-->
    </random_sequence>

    <random_sequence key="interaction">
      <record_type>      
        <field name="item" type="I64u" />   
        <field name="rating" type="I16u" /> 
        <reference name="user" type="user" />              
      </record_type>
			<output_format type='csv'>
        <argument key='quoted' type='Bool' value='false' />
        <argument key='delimiter' type='Char' value='\t' />
        <!--argument key='field' type='field_ref' ref='interaction:user:pk' /-->
        <argument key='field' type='field_ref' ref='interaction:item' />
        <argument key='field' type='field_ref' ref='interaction:rating' />
      </output_format>
      <setter_chain>
				<setter key='set_user' type='reference_setter'>
				  <argument key='reference' type='reference_ref' ref='interaction:user' />
				  <argument key='value' type='clustered_reference_provider'>
		  			<argument key='children_count' type='context_field_value_provider[I32u]'>
				    	<argument key='field' type='field_ref' ref='user:num_interactions' />
					  </argument>
            <!--argument key='children_count' type='const_value_provider[I32u]'>
		    			<argument key='value' type='I32u' value='10' />
					  </argument-->
					  <argument key='children_count_max' type='const_value_provider[I32u]'>
		    			<argument key='value' type='I32u' value='%user.max_interactions%' />
					  </argument>
					</argument>
				</setter>
        <setter key='set_item' type='field_setter'>
          <argument key='field' type='field_ref' ref='interaction:item' />
          <argument key='value' type='random_value_provider[I64u]'>
            <argument key='probability' type='function_ref' ref='Pr[interaction.item]' />
          </argument>
        </setter>
        <setter key='set_rating' type='field_setter'>
          <argument key='field' type='field_ref' ref='interaction:rating' />
          <argument key='value' type='random_value_provider[I16u]'>
            <argument key='probability' type='function_ref' ref='Pr[interaction.rating]' />
          </argument>
        </setter>
      </setter_chain>
      <cardinality_estimator type="linear_scale_estimator">
        <argument key="base_cardinality" type="I64u" value="${%user.sequence.base_cardinality% * %user.max_interactions%}" />
      </cardinality_estimator>
      <sequence_iterator type="partitioned_iterator" />
    </random_sequence>

  </record_sequences>
</generator_prototype>
